{
    "Final Equity": 96572.15347064906,
    "Realized PnL": -3425.2630173217403,
    "Total Commission": 16.638329320524882,
    "Sharpe Ratio": -2.1762009677239615,
    "Sortino Ratio": -2.710297436961036,
    "Max Drawdown": 4.161641179319168
}